{
    "movies": [
        {
            "id": 1,
            "title": "The Fellowship of the Ring",
            "director": "Peter Jackson",
            "year": 2001,
            "image": "https://m.media-amazon.com/images/M/MV5BNzIxMDQ2YTctNDY4MC00ZTRhLTk4ODQtMTVlOWY4NTdiYmMwXkEyXkFqcGc@._V1_FMjpg_UX1000_.jpg",
            "summary": "A young hobbit, Frodo Baggins, inherits the One Ring and must embark on a perilous quest to destroy it in Mount Doom, preventing it from falling into the hands of the Dark Lord Sauron. Along his journey, he forms the Fellowship of the Ring with hobbits, men, elves, a dwarf, and the wizard Gandalf.",
            "cast": [
                {
                    "name": "Elijah Wood",
                    "photo": "https://m.media-amazon.com/images/M/MV5BMTM0NDIxMzQ5OF5BMl5BanBnXkFtZTcwNzAyNTA4Nw@@._V1_.jpg",
                    "description": "Played Frodo Baggins, the hobbit who bears the Ring and must resist its power."
                },
                {
                    "name": "Ian McKellen",
                    "photo": "https://image.tmdb.org/t/p/w500/5cnnnpnJG6TiYUSS7qgJheUZgnv.jpg",
                    "description": "Played Gandalf the Grey, the wizard who guides Frodo and the Fellowship on their mission."
                },
                {
                    "name": "Viggo Mortensen",
                    "photo": "https://m.media-amazon.com/images/M/MV5BNDQzOTg4NzA2Nl5BMl5BanBnXkFtZTcwMzkwNjkxMg@@._V1_FMjpg_UX1000_.jpg",
                    "description": "Played Aragorn, heir of Isildur and human warrior who joins the Fellowship."
                }
            ]
        },
        {
            "id": 2,
            "title": "The Two Towers",
            "director": "Peter Jackson",
            "year": 2002,
            "image": "https://m.media-amazon.com/images/M/MV5BOGFkYWJhOGQtODVlOC00OGU2LTgwM2ItZjI0M2Q3NzU5Nzk2XkEyXkFqcGc@._V1_FMjpg_UX1000_.jpg",
            "summary": "The Fellowship has been broken. Frodo and Sam continue toward Mordor with the treacherous Gollum as their guide, while Aragorn, Legolas, and Gimli travel to the kingdom of Rohan to face Saruman’s army in the epic Battle of Helm’s Deep.",
            "cast": [
                {
                    "name": "Sean Astin",
                    "photo": "https://m.media-amazon.com/images/M/MV5BMjEzMjczOTQ1NF5BMl5BanBnXkFtZTcwMzI2NzYyMQ@@._V1_FMjpg_UX1000_.jpg",
                    "description": "Played Samwise Gamgee, Frodo’s loyal friend and companion throughout the quest."
                },
                {
                    "name": "Orlando Bloom",
                    "photo": "https://m.media-amazon.com/images/M/MV5BMjE1MDkxMjQ3NV5BMl5BanBnXkFtZTcwMzQ3Mjc4MQ@@._V1_FMjpg_UX1000_.jpg",
                    "description": "Played Legolas, the elven prince and master archer."
                },
                {
                    "name": "Andy Serkis",
                    "photo": "https://m.media-amazon.com/images/M/MV5BMDU0MTUyMzktMDA3Yy00ZDhkLTkwMWEtOWQ3MzQwYmY3ZWI0XkEyXkFqcGc@._V1_FMjpg_UX1000_.jpg",
                    "description": "Played Gollum/Sméagol, the tormented creature who guides Frodo and Sam to Mordor."
                }
            ]
        },
        {
            "id": 3,
            "title": "The Return of the King",
            "director": "Peter Jackson",
            "year": 2003,
            "image": "https://m.media-amazon.com/images/M/MV5BMWEyNGVkYWMtZThlNy00ZTY0LWExZWItOWE0YjM0MDU5YWY4XkEyXkFqcGc@._V1_FMjpg_UX1000_.jpg",
            "summary": "The final chapter of the saga: while Frodo and Sam struggle to reach Mount Doom and destroy the Ring, Aragorn accepts his destiny as the King of Gondor and leads the final battle against Sauron to save Middle-earth.",
            "cast": [
                {
                    "name": "Billy Boyd",
                    "photo": "https://m.media-amazon.com/images/M/MV5BMTQzOTEyMTQ3OF5BMl5BanBnXkFtZTYwNzkzMDk1._V1_FMjpg_UX1000_.jpg",
                    "description": "Played Pippin (Peregrin Took), a hobbit of the Fellowship who faces trials and grows in courage."
                },
                {
                    "name": "Dominic Monaghan",
                    "photo": "https://m.media-amazon.com/images/M/MV5BMTg0MTc2ODIwNl5BMl5BanBnXkFtZTcwMjQ4MjEwMw@@._V1_FMjpg_UX1000_.jpg",
                    "description": "Played Merry (Meriadoc Brandybuck), Frodo’s cousin who takes part in the war of men."
                },
                {
                    "name": "John Rhys-Davies",
                    "photo": "https://m.media-amazon.com/images/M/MV5BMjMwNDY3NjQxMF5BMl5BanBnXkFtZTcwMDc3NTYyOQ@@._V1_FMjpg_UX1000_.jpg",
                    "description": "Played Gimli, the brave dwarf companion of Aragorn and Legolas in the final battle."
                }
            ]
        }
    ]
}
